{
  "accuracy": 0.995,
  "classification_report": {
    "Valid": {
      "precision": 0.9945054945054945,
      "recall": 1.0,
      "f1-score": 0.9972451790633609,
      "support": 181.0
    },
    "Suspicious": {
      "precision": 1.0,
      "recall": 0.9473684210526315,
      "f1-score": 0.972972972972973,
      "support": 19.0
    },
    "accuracy": 0.995,
    "macro avg": {
      "precision": 0.9972527472527473,
      "recall": 0.9736842105263157,
      "f1-score": 0.9851090760181669,
      "support": 200.0
    },
    "weighted avg": {
      "precision": 0.9950274725274726,
      "recall": 0.995,
      "f1-score": 0.994939319484774,
      "support": 200.0
    }
  },
  "confusion_matrix": [
    [
      181,
      0
    ],
    [
      1,
      18
    ]
  ],
  "feature_names": [
    "invoice_amount",
    "gst_rate",
    "total_amount",
    "vendor_frequency"
  ],
  "labels": [
    "Valid",
    "Suspicious"
  ]
}